ID,Alpha,Beta,Gamma
0,0,0,0
0,0,0,0
1137,568200,3,46835822
2568,261000,0,58148961
4608,1020000,5,30377694
2640,918000,5,34230929
1724,955000,4,44212717
1690,276000,0,40100622
2727,907000,4,43877380
1753,248000,0,33761436
1950,0,0,43288177
1933,204000,1,44180246
1061,244000,1,42902101
3014,96000,0,63060272
2681,243000,0,43065118
2889,0,0,35327913
1416,0,0,44357110
1022,0,0,39883047
5893,153000,1,62757384
1763,0,0,13758012
4580,0,0,65366143
2502,261000,1,56850304
1003,150000,1,42034080
1451,30000,0,64665750
4855,440000,1,32048449
1149,0,0,52217027
1099,268000,1,60616043
4531,0,0,13300409
1708,613000,3,50986802
1365,533000,1,38280708
2749,140000,0,34213962
4655,0,0,48235368
1086,390000,2,37437880
1256,0,0,56908976
2852,51000,0,40907460
2683,0,0,53592642
2928,90000,0,46378580
2249,512000,3,44717472
1756,609000,1,37268362
1346,0,0,48361038
5854,0,0,29377849
1816,168000,1,55889588
4657,0,0,43941870
2513,607000,3,60501711
1040,166000,0,32898050
1133,401000,1,59740361
4202,0,0,13978439
4793,0,0,60119726
1525,95000,0,46572387
1953,25000,0,35686282
5855,280000,0,61943100
4880,0,0,46972246
4651,0,0,13311680
2622,204000,0,41252126
1490,0,0,48733432
5903,0,0,37532008
2774,0,0,34478535
1231,0,0,44319648
2760,195000,0,41613672
4803,307600,0,39864618
2685,110000,0,47442969
0,0,0,0
5944,90000,0,56033230
1991,783400,1,48142903
2128,104000,0,43120345
5890,710400,3,40017928
5849,121000,1,63861397
1112,180000,0,26511455
1416,0,0,52548167
1730,1613000,8,50300485
1183,75000,0,45077834
4784,0,0,52512538
2928,445000,0,43628637
4655,90000,0,59108823
1154,0,0,36811092
3014,90000,0,64227278
1708,186200,0,41735744
2726,28000,0,61475868
2980,0,0,60504344
4853,0,0,46355387
1256,20000,0,41032355
1280,111600,0,33996832
4578,0,0,52925697
1756,81000,0,52737198
1301,276800,1,50100412
1148,2315000,5,34699806
1066,116800,0,46753506
1475,678800,2,53219989
5917,26000,0,46402759
1045,0,0,37503168
1050,134000,1,62409911
4609,430000,0,39673670
4814,0,0,54325215
6000,416000,0,52609165
2970,38000,0,56052610
0,0,0,0
1137,802400,2,62591140
1724,166000,0,64175400
2640,317600,3,61287169
5944,156000,0,61052836
2754,76000,0,41873732
5912,456600,0,42356558
5890,388000,1,48616228
1152,104000,0,48108322
4608,237000,1,58229734
2027,310000,0,36498812
4230,285000,0,54018920
1826,0,0,25907362
4683,156600,0,55144970
1014,5000,0,60037625
1684,931000,1,35204115
2965,434000,2,55348234
1730,2539000,10,22101082
3039,60000,0,21702045
1336,419000,1,48179884
1183,0,0,62959572
4834,225000,1,41755301
1345,151000,0,34931498
2594,351000,0,43118611
1280,0,0,48758089
5969,623000,3,41248860
1133,360000,0,39751607
1225,108800,0,36704422
5997,679800,0,58442089
1870,150000,1,61090079
1666,168000,1,42203150
4016,0,0,62707548
2685,332000,1,53635435
2554,282000,0,46310282
4850,0,0,63433974
1938,327000,1,36587974
2097,15000,0,24654876
5948,225000,0,59262222
0,0,0,0
1066,90000,2,37456531
1137,0,0,67022450
1015,1243000,8,47378822
1081,269000,0,44693325
1409,1143000,3,49727337
2640,333000,0,61653648
1996,0,0,39713993
1708,0,0,40176823
1002,798000,2,38396313
1426,406000,1,35904920
1082,197000,0,33851647
1152,138000,0,57059903
4560,0,0,58496402
3043,1099000,8,54540486
4568,217000,1,55910944
1730,1269000,5,39843121
1492,132000,0,64232804
1475,191000,5,45204241
4253,31000,0,51530123
1003,237000,0,64371385
1033,353000,4,26077332
2557,704000,3,62573433
2562,0,0,60180088
2930,446000,1,41815999
4688,15000,0,33891643
1780,0,0,40808853
2249,81000,0,60856858
2749,558000,7,42228672
2602,160000,0,58634812
2802,45000,0,44043067
4682,30000,0,59109392
2189,104000,0,61401522
1797,408000,1,34144673
2594,544200,5,35455226
2626,19000,0,60480264
2990,504000,2,52623554
1243,263000,2,54959142
1377,62000,0,51473643
1237,271000,1,39471198
1330,220000,0,43773852
1870,852000,1,30468941
1794,0,0,60795371
1039,0,0,47135913
1233,55000,0,58878679
1114,40000,0,63611539
1074,72000,0,38732438
1413,72000,1,36096688
1036,156000,1,35715356
2206,260000,2,40641783
2215,30000,0,55182483
1104,65000,0,42573114
1180,96000,0,45042286
2533,0,0,53589068
1045,0,0,39554642
1897,0,0,60299413
1566,0,0,61917874
1050,234000,0,44128231
1256,0,0,65222412
4651,35000,0,49617105
0,0,0,0
2568,171000,0,27457806
2235,140000,1,43718072
4782,258000,0,26032668
1739,619200,3,42162613
2754,45000,0,42485170
1409,1275000,4,60538881
1015,1663000,6,46776736
1406,251000,1,65708151
5890,691000,1,59757262
2727,0,0,29063073
1753,360000,0,38253325
4805,114000,0,64231029
2027,248000,0,43720948
1112,0,0,44084729
1950,15000,0,50485686
1010,378000,1,48520483
5893,288000,1,37143966
1916,223000,0,39229909
1672,584000,1,32874811
1989,935000,4,61128445
4248,201000,1,53804259
2681,5000,0,47922333
1730,0,0,62268444
1086,272000,0,38303418
2502,102000,1,59127432
1582,75000,0,63529482
1003,195000,0,38303896
2173,0,0,40142510
1651,540000,0,32099338
4233,20000,0,63187776
4855,175000,0,49554764
1772,115000,0,60117006
2928,0,0,33482324
1816,21000,1,48372005
1924,180000,0,40252153
1009,20000,0,40784360
4656,210000,1,64464848
4012,0,0,51596587
1756,171200,1,59014942
0,0,0,24822288
1525,182000,1,63959127
2877,0,0,46143492
4258,405000,1,29664149
1618,64800,0,59613262
5855,36000,0,56956017
1330,193000,2,43026919
1794,0,0,32272295
4201,45000,0,61802092
4891,143000,0,38957420
1629,0,0,61486933
2622,387000,1,48294406
2215,242000,0,58929399
1264,72000,0,50835294
1050,1281000,3,41652981
4850,0,0,61617907
2097,72000,0,56098645
0,0,0,0
1782,120000,0,48060520
1015,1018000,15,58935614
1996,90000,0,63927976
1509,293000,0,60584495
1002,270000,0,36405834
2609,328000,1,64651658
2128,195000,0,54380729
1112,350000,1,22591956
1010,507000,4,50877389
3014,357000,2,59579377
1492,823000,5,59402129
2898,1027000,4,62281169
2557,80000,0,42949623
1972,50400,0,58432617
1763,231000,1,63321440
1346,30000,0,33237292
1475,104000,0,62949875
2965,312000,1,47220481
3078,0,0,52181653
4531,105000,0,59612894
2749,50000,0,43686267
2852,0,0,27684392
1154,178000,0,44515132
1037,108000,1,44670037
1183,390000,0,57815571
4682,0,0,27487918
1009,0,0,59070686
1001,215000,1,61196510
2930,2336000,10,60817300
1030,340000,1,53424902
2990,659000,2,53756581
1208,310000,2,50373489
2594,483000,7,44833519
1243,973200,5,43232189
2512,0,0,55935137
1434,122000,0,26094887
2657,66000,0,44338390
1074,140000,0,41598882
1255,216000,0,42298635
1258,478000,0,63335735
1066,0,0,59340767
3043,0,0,63691084
1046,0,0,56558397
3041,494000,1,55184891
3042,0,0,39147090
1233,81000,0,34939733
1585,237000,0,58780363
1027,0,0,42325774
1927,90000,0,59494844
1038,0,0,46394386
2951,1587000,15,39164935
2950,0,0,60304095
1050,190000,0,41435646
2533,0,0,61565614
2606,195000,0,56457111
1135,90000,0,43742476
2248,80000,0,49182891
0,0,0,0
1137,885000,8,60854240
2640,345000,2,45813706
4763,418000,1,57732812
2633,452000,1,41439225
4608,25000,1,39316052
2128,0,0,60059839
1708,153000,1,66591007
1817,684000,3,58667980
4759,0,0,62205405
2858,35000,0,58915091
1010,165000,0,65337182
1107,307000,1,43030664
2502,52000,0,60632929
1255,36000,0,57160930
2784,0,0,44661706
1376,319000,2,50107965
1217,1103000,5,21917837
4253,0,0,39284758
1051,15000,0,62494716
2990,115000,0,48039640
2249,176000,0,55997830
2802,985000,6,30340447
1895,253000,0,57614775
1506,228000,1,63190445
1268,69000,0,57279660
1243,603000,2,60264681
2949,153000,1,56701831
1225,959200,4,46016145
1769,462000,2,46915882
1074,70000,0,65725566
1377,389000,1,54504083
1039,222000,1,21474397
1273,15000,0,42594837
1038,0,0,61916531
1794,60000,0,56708183
1348,544000,3,41496006
2760,0,0,47354811
1981,238000,0,28501243
2215,82000,0,61090294
4794,0,0,25552352
1703,262000,1,47465825
2622,337000,1,47522412
1103,224000,0,43348824
1975,300000,7,59882552
1252,758000,8,58457271
2092,15000,0,54111632
2863,70000,0,21952876
2533,0,0,54477892
2097,975000,5,56913731
1116,210000,0,30894558
1346,78000,0,62623847
2109,0,0,43792398
1256,106000,1,58255011
4202,0,0,44983942
1229,75000,0,49696896
4651,187000,1,61702475
4579,0,0,42126700
2855,0,0,58825408
0,0,0,0
2640,40000,0,51266747
2128,65000,0,39788836
1724,902000,4,50440488
1753,503000,0,62443780
1991,228000,1,43105393
1684,35000,0,59016288
1246,50200,0,22280998
2050,86000,0,62057022
1989,286000,0,58768252
2557,120000,0,30143827
2898,1563000,7,60071636
2594,265800,1,46711179
2749,180000,1,59485787
2816,787600,1,34265780
5993,348000,1,59726356
2249,0,0,55344920
2928,0,0,50867777
5969,175000,0,57961558
2655,120000,0,34478553
1162,31000,0,51816886
5921,75000,0,42489651
1756,270000,1,60762454
1778,61000,0,58406149
5932,19000,0,53839521
1028,0,0,39614659
2584,0,0,58705542
5996,0,0,60297547
4871,255000,0,45218225
1322,231000,1,35217308
1257,0,0,21861989
4609,470000,0,45248086
2097,170000,0,59770584
4872,0,0,41306843
0,0,0,13231036
1050,56000,0,58024993
2113,96000,0,33135040
0,0,0,0
2824,0,0,44449778
4763,222000,0,44536301
2235,0,0,41553837
4247,229000,0,50067102
2080,0,0,44375561
5890,1149000,4,54888333
4782,120000,0,34342159
1415,60000,0,46546853
2727,125000,0,60599797
1509,906000,4,48676391
1523,147000,0,61273631
4683,160000,0,49911644
4885,389000,2,33629935
3014,0,0,52361471
1010,270000,0,55184511
2889,186000,0,42066722
1730,1540000,7,54106829
2150,362000,1,49671643
4820,56000,0,57743584
1884,105000,0,42691532
2004,354000,3,41427287
1708,90000,0,61628383
2502,107000,0,38892177
2735,139000,0,46195920
4855,74000,0,50967053
2928,15000,0,48690329
2607,625000,0,61326422
1684,220000,1,43142630
2558,368000,1,64577371
2681,10000,0,39516718
1183,0,0,59978019
2557,352000,2,53445529
1346,0,0,14702692
2930,0,0,44844626
2172,425000,2,61660857
1924,185000,0,64588013
2513,165000,0,63297659
1233,673000,1,44700113
2584,1446000,8,54547992
2970,114000,0,61669899
1009,36000,0,61666269
1769,231000,1,55704119
4793,105000,0,60776163
1258,225000,1,49025724
1196,199000,0,37430276
1935,306000,0,47994991
2734,0,0,41856953
2852,0,0,46325298
1953,0,0,28815925
4201,99000,0,43555730
1401,90000,0,36808096
1413,5000,0,42950388
2622,0,0,61145356
1116,157000,1,34302851
1654,57000,0,60262239
1047,475000,0,54273616
2097,339000,1,39735552
2597,0,0,50435888
0,0,0,0
1331,90000,0,21855372
1907,313000,2,48223861
1509,631000,3,54675112
2128,0,0,31881064
4763,798000,0,30460997
1787,150000,0,45355659
1412,0,0,58333970
2727,270000,0,58645672
1112,176000,0,22857907
4566,456000,0,42024813
2169,445000,1,39524625
2073,35000,0,63870441
2784,195000,0,34786101
2030,394000,1,46049251
1059,0,0,26158496
3078,108000,0,36473186
1003,30000,0,43156319
1862,215000,2,34110150
1109,1169000,3,62605919
2725,275000,2,37504194
1255,938800,6,54464855
4263,196000,0,42585032
1642,299000,3,40796441
1039,69000,0,52544702
1863,0,0,61294788
1434,180000,0,63500019
1208,1731000,5,27880079
4623,275000,0,54603597
1213,562000,1,41430952
1443,147000,0,22678570
1877,30000,0,48208787
1377,72000,0,61620175
1506,133000,0,43044320
4794,0,0,14270530
1870,1379000,5,59441522
1853,426000,1,62455244
2573,0,0,46728569
2158,255000,1,36585645
1592,141000,0,23003244
1066,150000,1,29679484
1553,497000,2,52240132
2554,31000,0,47705999
1114,224000,0,60733860
4793,21000,0,41620553
2980,0,0,50457717
1195,30000,0,60573143
1233,391000,1,45966023
4606,501000,3,35577659
1963,64000,0,59531574
2578,0,0,60834362
1310,355000,1,40544410
1046,25000,0,62662961
2864,120000,1,36694208
2771,252000,1,34857289
1135,1014000,5,65013254
4768,649000,3,63270499
2160,0,0,36681814
4257,0,0,62723244
0,0,0,0
1739,10000,1,58593094
1782,410000,1,67482532
1569,321000,1,60465823
1793,115000,0,48850768
4763,60000,0,58014439
4255,0,0,40467346
2633,76000,0,36307450
4562,747000,4,42700564
1509,640000,1,59124928
2252,699000,15,34570722
4759,90000,0,56562304
1523,186000,4,37224826
4774,747000,9,61267947
1010,147000,0,53828415
3014,260000,1,51374735
2030,305000,0,52093233
2681,323000,1,21950477
1376,105000,0,64977491
1228,0,0,64410400
2898,2101000,17,65280133
3078,374400,0,28177419
1107,190000,0,55197854
1183,221200,1,44716945
1958,326000,2,55503462
4233,0,0,57430617
2210,60000,2,46227216
2812,0,0,62998108
1862,301000,0,42303140
2173,535000,0,56224485
1109,186000,0,40562338
2008,102000,0,60336701
1434,105000,3,38399420
1117,194000,2,27069106
1099,841000,6,45333793
2805,335000,1,57715084
2217,344000,1,42842294
2938,223000,1,59195968
1606,212000,1,41470290
1801,244000,1,46243823
2197,90000,1,41916884
1348,0,0,21179491
1703,205000,0,39487218
4238,521000,3,37939552
1777,15000,0,42047143
2573,0,0,25047574
1895,0,0,26973899
2650,246000,2,43719524
1759,0,0,52074800
2951,1306000,4,60899357
2906,145000,0,55054929
1927,0,0,14808350
2570,0,0,13696492
4803,148000,0,55278054
2092,0,0,13911996
1544,399000,0,55647299
1447,0,0,59662803
1116,170000,0,40549949
2211,0,0,58476473
3076,254000,1,55201216
1135,300000,1,47976168
0,0,0,0
1782,256000,0,58903082
1753,166000,1,46807855
1426,50000,0,48788631
1002,365000,0,28931071
2705,302000,1,46656577
2858,0,0,38133585
1589,0,0,48997473
1044,0,0,14727001
1010,0,0,58910624
1916,394000,1,38196561
2505,146000,0,41536827
1989,80000,0,44501055
4253,1005000,6,50802441
1492,670000,5,61973104
2681,526000,1,38897657
1475,225000,1,21851883
1745,30000,0,25749706
1183,473000,2,65838854
2852,142000,0,56829633
3078,75000,0,49008403
2562,1494000,14,50333744
4233,459000,2,63058326
1676,42000,0,38716163
4243,202000,3,39856127
1714,0,0,36305267
1749,210000,3,58945982
4688,60000,0,60743042
2249,774000,17,35546808
2180,92000,0,53460144
2189,265000,1,64277227
1117,188200,1,35839541
1009,744000,4,42124084
2245,410000,6,41319705
1030,398000,1,46909924
1566,125000,0,40793215
4238,308000,2,45052352
4807,0,0,43265169
4794,0,0,24594872
2721,31000,0,61539423
2066,142000,0,58998380
1213,0,0,59094938
1003,242000,0,58967192
1348,20000,0,58118681
2513,45000,0,56883961
4678,135000,0,35499037
1634,0,0,49417851
1585,162000,0,48428275
4254,225000,0,57788096
2666,334000,2,50859184
4240,203200,1,43140599
1707,342000,1,41120102
1877,195000,0,29128156
1756,691400,2,43378354
2863,0,0,45407500
2853,0,0,39205616
1033,85000,0,59211310
2211,0,0,44265173
2060,0,0,42469186
1623,185000,0,53070899
0,0,0,0
1739,105000,1,39654518
1409,225000,1,58641538
2128,0,0,59530002
1660,227000,0,58428759
2563,244000,0,43786640
2028,45000,0,43679912
1353,182000,0,26999954
1112,180000,1,63388097
2161,215000,0,61758701
1672,300000,3,54105653
1982,90000,0,63312674
4807,0,0,59185837
2584,197000,4,36876872
1376,190000,0,23212617
1917,1369000,4,34752283
1256,85000,0,46471639
2562,0,0,57753692
1947,303000,2,53046696
2802,918000,6,54267064
2249,336000,3,39524016
4561,198000,1,42416862
4263,236000,0,33375999
2189,488000,0,46263748
2594,622000,3,55096053
4601,80000,0,43647542
1627,136000,0,38593899
2655,15000,0,58129676
1237,1435000,7,42255788
1213,551000,4,45071015
1778,30000,0,44659981
4794,0,0,59731390
2008,99000,0,50367104
1859,90000,0,54261641
2725,20000,0,43056953
2516,257800,1,36226626
2573,0,0,39856899
4606,764000,8,47667177
1870,213000,1,46225825
1285,0,0,39190327
1330,336000,0,43221512
2578,30000,1,43165775
2666,384000,1,30753033
2158,150000,0,23739012
4238,850000,3,41374317
2139,211400,1,46396855
1789,85000,0,56773194
2856,5000,0,42098018
1050,1488400,4,50645491
1553,162000,0,62690145
1116,0,0,58916431
2863,36000,0,56795739
2771,1052000,3,58506498
1246,0,0,37084234
4882,105000,0,28647871
1130,93000,0,45605376
2577,0,0,43343028
1428,180000,0,35301274
2060,0,0,56647714
1537,0,0,46869423
1623,105000,0,61475725
0,0,0,0
4782,330000,1,49603977
1991,797000,1,29393245
5912,323000,0,50159457
1753,276000,2,44555014
5890,458200,2,55449413
1409,429200,0,48072162
2858,98000,0,42392321
1933,462000,1,58975130
3014,150600,1,39116931
2505,45000,0,36490592
2965,2920000,12,56960058
2970,142200,1,55875536
4788,218000,0,36570707
2928,110000,0,43993717
1183,0,0,64106975
4834,40000,0,45837752
2980,0,0,22156063
2802,326000,1,45369660
1086,231200,1,63928425
4808,147000,0,54991820
2877,5000,0,39459258
2654,0,0,38910891
1666,156000,0,47961139
1756,292000,0,22918729
5989,106000,0,28993326
3073,73000,0,43150485
1968,60000,0,33724101
4609,810400,0,42304736
1490,0,0,58006695
1045,127000,0,39510992
1794,81600,0,43173989
1211,60000,0,62721164
1102,0,0,61400308
4814,133000,0,41287554
1050,519000,0,45472840
2655,0,0,46587618
0,0,0,0
1137,1246200,5,56411029
1739,0,0,58231989
2568,54400,0,42741793
2640,1853000,9,52550414
1782,648000,3,55382020
1626,0,0,60916692
2208,1108000,12,26099749
4840,529000,6,59075551
1793,75000,2,52176312
2727,365000,0,27829333
2244,97000,0,44559942
1690,0,0,61642933
4805,0,0,43492888
1010,930000,4,44435585
2137,0,0,14808350
1228,0,0,50247731
2050,136000,0,54470228
2095,244000,1,48543500
2557,186000,1,45378267
1257,0,0,57566443
1268,513000,3,32490525
1917,567000,2,28182474
1357,0,0,58444869
2584,21000,0,48020168
2001,1170000,5,61964337
1009,269000,1,57004592
1237,302000,2,45041193
2083,233000,0,41701440
1749,164000,0,41954601
1030,162000,0,21303308
1935,0,0,38280151
2852,30000,0,43691372
1189,155000,1,40769970
1352,0,0,43730166
2509,395000,0,53766939
1133,0,0,14349666
4892,0,0,65839209
1207,160000,0,59459430
1909,0,0,55863117
1794,113000,0,53343958
2693,0,0,58853085
1938,115000,0,38286047
1864,108000,0,50710942
2951,683000,4,33441717
2906,339000,1,42977045
1116,836000,8,62852627
1544,74000,0,25408469
2097,240000,0,46719280
1208,105000,0,58551233
1537,0,0,56708288
2565,0,0,61576670
4810,0,0,60570518
2103,60000,0,38095419
1892,0,0,58618141
0,0,0,0
1724,871000,3,44210372
1782,355000,1,28310051
1215,56000,0,61510009
1015,2225000,13,33840819
1426,0,0,13708272
1462,0,0,39016736
4840,84000,0,62944717
4864,253000,1,21463140
2035,130000,1,37177942
1061,32000,0,41191691
4566,0,0,46255161
1916,413000,0,44650550
1010,136000,0,58424798
2210,1113000,3,45390485
1780,0,0,50648888
2802,823000,2,37064462
1346,0,0,47603151
1256,312000,1,64411633
2549,403000,6,64198245
1154,144000,0,21922949
2655,36000,0,54988270
1565,335200,1,59199973
4794,334000,0,48157654
4681,234000,0,36509923
1264,38000,0,48535686
1189,219000,1,53223403
2721,194000,1,44626656
5854,0,0,13529750
4254,497000,1,57896215
2199,135000,0,29842612
3041,91000,0,61465707
1870,951000,3,61836410
2881,1060000,8,47224157
2254,75000,1,49560764
1670,0,0,56291110
1553,0,0,46602040
4651,0,0,51933386
1285,465000,12,53734395
1939,518000,1,47158870
2572,120000,0,67550043
2215,0,0,39248566
1497,301000,0,21652303
1330,598000,1,62202284
4601,745600,3,43436760
1789,201000,1,48486040
1770,65000,0,50212281
1045,82000,0,59803359
1388,75000,0,51396290
1700,0,0,36255464
4882,175000,0,55911001
1484,150000,1,44045115
4796,126000,0,61557515
2097,0,0,26614090
2560,0,0,58624675
0,0,0,0
4763,157000,0,56634309
5944,206000,0,58880813
5890,545000,2,46276512
1509,916000,5,46073320
1152,329400,2,53577111
4683,355200,1,46927310
4759,20000,0,56921409
2027,911000,4,37435797
5955,270000,1,51548524
1044,57000,0,41419816
3043,245800,0,59636270
1730,1710000,7,25731237
1416,143000,0,26994250
2001,0,0,58418457
1715,90000,0,28033230
1708,791200,1,37764247
2802,482200,2,55507936
2852,150000,0,48805696
4788,102000,0,47260299
1376,0,0,38265765
1109,0,0,58138052
2928,15000,0,54901773
1154,135000,0,23674993
2655,180000,0,60031097
2980,234000,0,38463492
5924,0,0,60235460
4869,0,0,61091558
1280,15000,0,21755031
1040,180000,1,45622486
1066,28000,0,49041054
4808,570600,1,40622452
1148,138800,1,34392490
2200,0,0,39213047
5975,20000,0,59889446
4884,15000,0,47872271
1490,42200,0,47462913
1045,0,0,65053484
4814,60000,0,51951918
0,0,0,0
1739,0,0,36565271
5851,56000,0,61974142
1509,1458000,6,63714778
1645,598000,0,41895760
1930,336000,3,39381073
1708,842000,2,28075953
1519,150000,0,41106234
2182,26000,0,34964844
1002,728000,2,39669113
1152,15000,0,41391834
2244,5000,0,50731776
1753,832000,4,60955908
4566,393000,2,48280713
3044,188000,1,46825910
1235,0,0,35977444
1149,150000,1,42005102
1937,15000,0,41793279
1730,462000,0,52133063
2681,60000,0,60996127
2073,0,0,24633048
1989,30000,0,38167194
2809,445000,5,43181492
2178,312000,0,38462633
3043,0,0,56501832
1170,400000,1,38435975
2725,994000,21,60233562
1651,75000,0,54470744
2200,0,0,14287302
4681,681000,2,45546981
2156,172000,1,51875748
1042,295000,0,43895610
3041,0,0,47232634
1756,405000,1,41416608
1877,90000,0,33270360
2721,702000,2,44586487
1592,0,0,55718014
4606,297000,3,58093814
1935,35000,0,59105299
4793,230000,1,43536071
4808,56000,0,62172573
2138,384000,1,34281923
1066,114000,0,60021669
2170,469000,1,47188909
1497,327000,8,54531089
3047,502000,1,28326517
1233,1235000,7,48632153
1696,0,0,27753187
1045,47000,0,52008694
1637,0,0,42573210
1388,72000,0,42274632
4242,15000,0,60599421
1119,0,0,62834587
2560,172000,0,59642443
0,0,0,0
1782,139000,0,44757742
1015,663600,4,40624380
1724,963000,6,32542057
1996,0,0,40806796
1817,0,0,39294472
1005,532000,4,46264010
4608,670000,2,45939949
1152,60000,0,58956950
4624,223000,0,61416647
2505,172000,0,50439352
4568,443400,0,48058309
1014,180000,1,32484776
2200,278000,0,51949330
1730,1922000,6,45381877
1228,336000,1,42696198
1947,123000,0,54273190
2762,184000,1,40341171
1033,458000,2,59648009
4561,88000,0,63340858
1651,30000,0,57367969
2189,334000,0,44050988
2001,0,0,65012979
1106,188000,0,40391879
2990,0,0,24630694
2749,485000,1,42042656
1365,0,0,44455290
4768,530000,3,54353130
2721,74000,0,44036465
2710,0,0,25595509
1915,799000,2,54925524
1510,101000,0,65122988
2197,90000,0,34311305
1838,260000,1,36178296
4265,0,0,25634482
1359,57000,1,44365778
2513,50000,0,22077642
2076,291000,2,48224754
1243,52000,0,49135180
1756,809000,1,35772251
1727,10000,0,58344531
1785,0,0,45852899
2935,130000,3,51282822
1414,745000,2,64216828
2719,0,0,39304950
1267,102000,0,30409636
1038,473000,2,42841217
2666,285000,1,58792066
2685,129000,0,52788788
1330,356000,0,56623329
1634,99000,0,53350410
2139,130000,0,53877779
2158,51000,0,52906695
1180,459000,1,52169664
1050,144000,0,42632522
2771,0,0,59572447
1045,624000,1,59822173
2207,15000,0,39676811
1246,23000,0,26951089
1346,385000,1,55112039
1750,45000,0,46446550
0,0,0,0
1724,590000,1,55856883
4763,167000,0,49367919
1015,1356000,5,53851100
5944,168000,0,57760626
5912,45000,0,58348028
1152,165000,0,46874207
2027,230000,1,45571225
4774,500000,2,61500809
4230,222200,0,48016324
1112,517800,2,29284515
2085,60000,0,46028944
1989,201000,1,39481435
2584,0,0,37367577
2050,733400,3,53629743
2557,214000,0,40096095
3039,6000,0,49191775
1246,0,0,26790952
4834,363000,1,38006343
2594,68000,0,22735859
2816,795000,2,42270773
2749,0,0,60110573
2898,160000,0,42101019
2047,605800,1,28923365
2970,302200,0,22264055
1040,134800,0,38159796
1133,129000,0,46408131
1450,126000,0,57798641
1148,302800,0,66509798
4819,0,0,31242704
2685,276000,1,57533417
1475,0,0,53114629
2951,326000,1,51130932
1322,96000,0,41312102
2097,0,0,63614975
1050,0,0,13265722
5948,62000,0,45424734
1165,0,0,25164422
1537,243000,0,61099987
1968,15000,0,44869183
0,0,0,0
1708,0,0,26426261
2128,174000,0,38445676
2182,175000,0,64833523
1406,201000,1,40485143
1152,153000,0,27802549
1335,454000,3,40335972
4774,1912000,7,53906351
2244,279000,1,61618422
1353,119000,0,59400047
1684,136000,0,33888062
4852,85000,0,49756008
1916,214000,3,53712822
1730,168000,0,47770052
2137,0,0,26580606
1989,2275000,10,29722344
2050,889000,7,27845063
2557,25000,0,49766137
1255,236000,1,59247032
1149,403000,0,41440536
1042,5000,0,41053819
2584,129000,0,56667789
1256,62000,0,64010806
4768,200000,1,48848409
3041,0,0,41715514
1651,240000,0,39084031
2083,260000,1,38613646
2509,702000,2,35526140
1213,505000,6,40387289
1877,390000,0,51873821
1434,360000,1,33357339
1208,459000,3,62730662
2721,91000,0,34431513
4238,494000,4,47238188
1357,444000,2,48248637
1232,339000,1,36511957
4606,573000,2,60127600
2170,355000,2,38860137
2704,118000,0,51018753
3082,0,0,45541969
1018,78000,0,55258684
1330,590000,2,44021016
1785,389400,1,27085801
2237,0,0,45648844
1544,0,0,31953488
2103,210000,0,31781253
1700,19000,0,46873689
2045,60000,0,38512239
1537,0,0,46576952
1135,0,0,37992995
0,0,0,0
1137,78000,0,43074644
1724,899000,3,62442113
5944,1001000,3,29993250
2640,364000,3,40959683
5989,184000,0,39063067
1015,81600,0,54396293
1409,363000,0,63303171
5890,844000,1,42375220
2816,255000,0,20205761
4774,180000,1,36457387
1112,5000,0,41028914
1519,0,0,45682968
4015,30000,0,33057096
1684,15000,0,61804716
2047,151000,1,51454760
2749,0,0,59735436
2050,164000,1,33835991
2594,654000,2,59321536
1081,304000,0,53276761
1086,296000,0,47138666
2557,154600,0,53106474
2584,128000,0,35078442
1387,0,0,41010901
2249,246000,0,55286588
2738,35000,0,31668660
1213,195000,1,26473488
1450,231000,1,54786999
1280,196000,1,42271411
5850,268000,0,56750035
5969,45600,0,61763772
1824,245000,0,42695043
1040,585000,0,32013950
4632,153000,0,36810312
2905,0,0,28500063
1257,26000,0,27903532
2097,157400,0,42813085
1756,747000,3,63360999
4609,435000,2,44960650
1537,0,0,54676294
0,0,0,0
1137,0,0,40436582
1724,258000,1,60838221
2640,1112000,5,50929749
1782,383000,4,57502736
1002,752200,8,41136106
1355,330000,1,41083851
1278,417000,1,47235773
2027,60000,0,25663284
1959,390000,2,49099174
1353,30000,0,37789996
1044,0,0,26880858
1730,2268000,11,41821866
1228,516000,2,46806947
2050,0,0,44008175
2073,231000,0,56275474
4655,190000,0,64910922
1001,95000,0,55362903
2562,183000,0,20911838
1009,980000,3,51578389
2083,255000,3,32022156
4812,0,0,63489417
1651,30000,0,41690639
1745,210000,0,43359805
1627,159000,0,51431203
1365,880000,5,22649653
2249,257000,0,46564195
1749,366000,0,56961065
2137,0,0,25685436
1870,484000,1,33231572
1055,311000,0,50651403
4263,195000,1,57048904
1039,0,0,49182622
2749,153000,0,58079537
1030,864000,5,59375087
3082,0,0,27926623
4774,195000,0,64418339
1766,581000,0,40885881
1225,457000,2,54261989
4794,40000,0,59135693
1759,768000,5,64827166
1066,0,0,55384028
2509,279000,1,46519191
1301,168000,0,44583972
1864,206000,1,41384097
1659,15000,0,50149112
1413,0,0,40736598
2260,334000,1,27438633
1490,0,0,50528833
4241,15000,0,45866013
4695,125000,3,58173238
1045,257000,1,48788436
2097,351000,1,37171742
2666,0,0,41064007
1272,0,0,48038368
2852,140000,0,41779089
1135,75000,1,52381423
2091,220000,1,41058547
1537,0,0,44165919
1623,305000,0,21740417
0,0,0,0
1739,295000,0,58200711
1015,935000,4,42912672
2080,0,0,23548484
1409,1587000,5,50083258
5890,216000,0,39774871
5862,464000,0,53900063
4774,135000,0,54875055
4885,30000,0,41603663
1010,334000,0,34955359
4248,27000,0,43161231
4820,375000,1,59523635
3014,0,0,50922421
2965,364000,2,34074803
5864,138000,0,39654338
2970,424000,0,48354275
1003,0,0,45944933
2557,511000,5,58921681
1708,30000,0,62774841
1113,412000,1,62271089
4233,0,0,59959320
2928,168000,1,39736114
2725,815000,3,40635286
2729,0,0,54390980
4802,0,0,43374071
2584,84000,0,43679951
1001,10000,0,50387086
1149,753000,3,43907204
5853,490000,1,57994428
1251,715000,3,58130245
2980,963000,2,49632259
2898,350000,0,51481789
1772,30000,0,57487757
1877,1194000,2,47004180
2930,134000,0,46022447
1840,0,0,34719048
5902,0,0,40229150
1066,15000,0,42907451
4808,156000,1,64566180
1953,93000,0,47203643
1213,330000,1,55756353
4236,237000,0,40104915
1730,918000,3,62890428
2625,144000,0,41836243
2600,550000,3,43414435
4884,0,0,43050116
1183,115000,0,60397066
4891,60000,0,60154841
1116,100000,0,41902913
1759,0,0,48600954
4833,0,0,45486464
1573,0,0,38496950
5896,60000,0,43916788
1346,15000,0,53514493
2520,481000,2,53623368
1256,0,0,60809589
4657,274000,1,64619055
1924,60000,0,62990338
1050,120000,0,50533949
4531,45000,0,34443383
1047,270000,1,59731417
0,0,0,0
1724,888000,3,55911847
4608,302000,0,61169004
5912,397200,1,59894259
4763,565600,1,46182997
1991,0,0,13458254
5944,75000,0,45529147
1753,90000,0,40896209
1409,143000,0,62983697
1015,1116000,4,44788921
4774,242000,1,59680050
5955,122000,0,38671998
4230,72000,0,34854760
4683,0,0,41963157
5862,264000,1,55384145
4759,316000,0,32856565
1715,334000,1,60649050
1416,0,0,59314356
2898,170000,0,49901599
3043,1325400,4,46291432
5924,118000,0,24563735
2970,21000,0,56764277
4834,0,0,61225442
2816,108800,0,60430823
1441,45000,0,41900431
1256,0,0,25552352
2655,340000,1,58756103
1756,290000,1,38818900
1828,53000,0,23492192
1301,182600,0,47932453
1040,548000,1,43054431
1183,0,0,55880691
1666,687600,1,35433154
5942,46000,0,58389920
1222,138000,0,31539102
1968,0,0,36386009
4609,703000,2,59073422
4655,0,0,49723531
1553,0,0,56334409
1330,0,0,26871994
2191,30000,0,46039067
0,0,0,0
2727,1475000,6,33845588
1137,1257000,5,41855930
1739,669000,1,48030076
1519,0,0,63177194
4763,855000,3,47809226
1645,123000,0,45192460
4759,130000,0,59477424
1278,1353000,9,50889320
1152,144000,0,58601143
1423,45000,0,43435579
2050,1585000,4,30183753
1376,313000,0,47770778
1989,216000,2,46592665
2898,300000,0,21982187
4566,186000,0,47565048
1718,0,0,26549536
1113,511000,2,35522613
1768,364000,4,43075072
1915,217000,0,47049742
1003,143000,0,42334288
2749,281000,2,45973073
2557,190000,0,43595266
2095,20000,0,62674234
2550,394000,2,49071702
4768,622000,4,28780557
2655,0,0,58049509
2249,115000,0,53424016
2178,200000,11,41295846
2137,0,0,25595180
1257,0,0,50161989
4808,0,0,39600474
1506,669000,8,54145055
4852,97000,0,53493921
1785,611000,1,33470176
2231,178000,1,23567114
2138,300000,0,60105736
2725,245000,1,57970360
1602,271000,0,44743888
1822,130000,0,55588555
1659,26000,0,64595577
1050,60000,0,38762305
1593,296000,1,39601232
2772,58000,0,55069506
1710,0,0,42951013
1864,180000,0,61737512
2006,0,0,33187762
4695,1708000,9,62647019
1180,27000,0,49265041
4882,31000,0,45917894
1447,75000,0,63839712
1283,30000,0,47031992
2115,105000,0,63443077
1381,0,0,54815495
2853,75000,1,62287302
4258,536000,2,56316867
1819,132000,0,45331095
4796,57000,0,63788312
0,0,0,0
4763,1104000,3,42384785
1991,484000,4,59010091
1509,736000,3,43205493
1152,110000,0,60267743
5955,283600,1,57822206
1730,489600,1,55077771
1715,247000,1,43234673
1708,752000,1,45943907
5994,15000,0,51848578
2557,965600,1,63803512
2584,0,0,38684226
1042,0,0,33699182
2050,181800,0,48781502
2749,302000,1,49914832
2594,0,0,45730439
2816,735000,3,37228950
2970,318000,0,57719738
1336,215000,0,49431355
2729,138000,0,38981682
1183,0,0,58019442
1280,0,0,57807877
1030,191200,1,39507401
1148,0,0,67888371
1040,410800,0,41862090
5997,205000,0,60582207
1133,0,0,42822911
1666,45000,0,65023249
1050,794000,0,43762519
5989,45000,0,59770715
5975,0,0,51293233
4016,0,0,39538669
1968,15000,0,61661823
1413,0,0,57505826
1047,0,0,35537448
5853,690000,3,48909363
1348,35000,0,41862085
2951,96000,0,39692845
4608,42200,0,60754060
0,0,0,0
1724,295200,2,62019720
5944,0,0,60566942
1509,445000,0,56812425
1409,405000,0,56192858
1015,1230000,6,55429751
5912,223000,0,44112459
5955,360000,0,62328868
5862,0,0,59809074
4774,322000,1,43425250
3043,363000,2,47825314
2889,45000,0,43937340
2965,110000,0,46948199
1416,0,0,44725180
4655,0,0,42461143
2928,0,0,59124507
3014,50000,0,45757304
2898,432000,2,59655375
2970,0,0,48567948
4788,0,0,55095817
1256,217600,1,38458047
5924,30000,0,51201144
2655,91000,0,51356394
1006,0,0,37591489
2930,910000,2,38864613
4784,0,0,37463226
2852,0,0,58245335
2802,0,0,55258916
1154,105000,0,21030048
1280,101000,0,61287968
1040,402000,1,40192806
2749,215000,0,26771257
2877,229000,0,55766521
1330,738200,2,35753705
2951,302000,1,64717831
1794,122400,0,39387926
1233,78000,0,41293302
4609,66000,0,64449825
0,0,0,0
1137,561000,2,59891041
1739,0,0,44900542
2640,2034000,11,41548075
1409,0,0,58125722
1278,146000,1,47764756
4813,237000,2,57640832
1419,0,0,54370615
5890,174000,0,65552721
2244,0,0,38784704
4617,230000,1,60222049
1426,150000,2,53164577
3014,77000,0,59785161
1276,0,0,38728730
1235,867000,9,58074457
1895,0,0,54582505
1718,670000,2,52879887
1730,633000,2,36910045
2586,0,0,40424250
2557,639000,4,60350847
1777,588000,0,46461260
2049,264000,1,49247264
5859,1038000,8,46544125
2852,52000,0,53252950
1170,240000,0,53147202
2584,651000,1,42477400
5888,100000,2,46613483
2655,210000,0,46093445
1651,398000,0,45304464
2248,0,0,59546030
1749,514000,2,32170741
2577,40000,0,39651606
4681,986000,3,35965391
1028,134000,0,46652663
2931,220000,7,44768248
1592,246000,3,62203220
1935,108000,0,50117373
1837,181000,1,58670927
5852,186000,0,50863568
2226,95000,0,60946445
4793,265000,0,32415506
2215,75000,1,40217675
2138,0,0,51598233
2748,148000,0,48608452
2181,368000,2,49147788
1490,126000,0,43722534
2704,275000,1,23554222
1759,753000,2,42467082
1087,120000,0,63497696
4695,940000,19,61144258
1233,380000,3,27341900
1045,438000,0,28158726
1431,120000,0,63000357
2103,31000,0,28495277
2045,5000,0,41303521
4860,149000,0,45126136
1892,19000,0,56699736
1609,0,0,49055072
0,0,0,0
1739,0,0,47082506
1137,620000,3,46065085
4878,54000,0,60168256
2568,413000,0,44041745
1782,898000,3,53314247
5889,438000,0,58063099
4763,0,0,58310893
1015,0,0,22641270
1509,200000,0,36740531
2028,110000,0,28551884
2640,1644000,7,61064580
1426,364000,2,42996779
2754,315000,2,41572318
1523,0,0,51122041
4759,201000,1,54740473
2889,172000,0,44906388
2134,135000,0,39916322
1684,120000,0,58780808
4820,123000,0,31911897
1672,0,0,47860217
5862,50000,0,48440526
2965,0,0,57060527
1989,0,0,41955041
1235,0,0,13353718
1246,34000,1,40855342
1730,518000,2,62666448
1708,416000,1,47638048
4254,242000,0,66112907
1099,0,0,40630620
1081,241000,0,43371493
2928,0,0,60823795
1086,126000,0,43688474
4837,0,0,39289654
2729,26000,0,39697523
4853,60000,0,48415916
5853,193000,0,52940193
2513,0,0,58590643
1516,0,0,14330521
2249,2754000,13,42417580
2210,0,0,60343981
1387,120000,0,63110122
1778,407000,2,45109600
2930,0,0,14849252
1251,93400,0,41243898
1213,0,0,36430955
1028,0,0,60993535
1225,374000,2,35221508
2655,157000,1,64213442
1810,0,0,38275308
1066,300000,0,48970330
2138,360000,0,44084956
4869,212000,1,44830372
1831,0,0,67290181
1330,0,0,56201821
2237,239000,0,46837253
1233,0,0,24660272
4609,15000,0,60082636
1050,153000,0,59259195
2683,0,0,27356039
1134,75000,0,61031259
0,0,0,0
4878,62000,0,63099674
4782,160000,0,39692510
1604,436000,1,48656915
2815,45000,0,51019877
5889,0,0,26430728
1724,933000,3,59285132
2128,183000,0,43472405
5890,986000,4,46522614
1739,215000,0,56218201
2563,272000,1,44277594
4805,582000,3,55470976
4608,0,0,48791779
1573,180000,0,45070414
2244,962000,2,44359992
1112,0,0,33973265
4683,0,0,62989724
1061,0,0,14056967
1684,80000,0,42704065
1763,500000,3,27417580
1672,0,0,26872165
2558,601000,2,34539655
2607,1012000,5,45325976
2584,0,0,44897805
1621,190000,0,49500171
4580,84000,0,59107294
2557,800000,3,51112629
5903,0,0,61443611
2816,385000,1,54405035
2749,205000,0,31927330
1336,280000,1,40905594
1099,126000,1,47645143
1086,470000,0,44777800
2898,0,0,45851742
2928,0,0,39019635
4853,0,0,38154234
2809,270200,1,59947628
1001,201000,1,63281124
5854,0,0,14060720
1040,355000,0,58970592
1208,933000,3,59654141
1516,0,0,42881678
1030,413000,1,27432013
1232,155000,1,58949077
1028,135000,0,46751723
1769,45000,0,32478100
1066,0,0,27541555
1848,105000,0,39488545
1225,38000,0,22057703
1935,152000,0,47869955
2138,30000,0,60356180
1926,356000,0,54027348
2237,235000,1,58750178
1490,0,0,39469952
4850,0,0,24838468
2097,0,0,43705212
1537,0,0,46114752
2050,496000,3,60715692
2852,30000,0,51332844
0,0,0,0
1137,145000,0,53704416
4878,231000,0,58237935
1739,347000,1,62938856
1724,192000,0,41084694
1782,115000,0,55044947
5889,0,0,44908919
4763,238000,1,48824827
1409,100000,0,60542496
2754,142000,0,46694175
1509,1564000,8,64026076
2244,802000,1,29485030
2233,56000,0,36723924
1112,0,0,48364396
4759,435000,2,30438109
2889,219000,0,57164571
1235,60000,0,36356030
1672,796000,2,55751648
1989,0,0,30367634
1763,0,0,47067966
2734,164000,1,58345646
2050,150000,1,43706431
1246,253000,1,36551180
1824,0,0,28907853
4820,304600,1,57190902
4837,39200,0,58158869
1708,1061000,6,59185940
2558,144000,0,62599204
2607,326000,1,59353669
2210,90000,0,64115230
1730,1080000,4,63686152
1099,275000,1,61559617
2729,948000,4,53483457
2557,295000,1,36057495
1008,15000,0,50590187
1162,153000,0,43377130
1251,200000,0,59365432
1208,0,0,58982666
2655,5000,0,56396586
1040,55000,0,46697444
2513,15000,0,42009622
1028,352000,1,29809215
4869,0,0,27533570
1120,325000,0,56725531
1213,367000,0,65490367
2584,170000,1,46068400
1226,273000,1,43349123
1066,0,0,61176405
4808,0,0,53793215
1348,168000,1,61811464
1081,276000,0,41048139
4775,30000,0,60384174
2097,299000,1,40457912
1256,339000,0,58452683
1264,0,0,53335134
1050,0,0,38522843
2653,56000,0,53342606
4850,0,0,59517356
1345,45000,0,46884340
1777,729000,2,53398533
2736,0,0,43755412
0,0,0,0
1137,1362000,8,50891915
1015,144000,0,61295003
2640,136000,0,27437129
1724,455000,2,61024713
2815,0,0,35691512
4782,240000,1,38600838
4763,96000,0,57824059
2080,0,0,56616356
5890,165000,1,62576347
1753,0,0,40175623
1604,112000,0,22345352
2244,160000,1,41059566
1523,708000,3,45163982
4683,0,0,58912312
0,0,0,27433821
4866,0,0,40531021
4837,0,0,27838023
1475,0,0,58036943
2004,238000,0,28388121
1001,133000,1,42042279
2898,150000,0,54153071
2809,75000,0,37150787
2607,184000,1,49100447
1336,278000,1,27443968
2558,133000,1,50059094
2749,116000,1,55580899
2557,492000,2,45540884
1086,150000,1,60485790
4820,425000,1,39319136
1346,136000,0,43894980
2970,75000,0,58982632
1099,826000,4,59701938
1256,0,0,58850863
1237,101000,0,44030675
1451,25000,0,49024502
2249,1060000,5,57278484
1183,0,0,61785049
1058,120000,0,33278486
1730,30000,0,41135590
1251,137000,0,37881992
2852,215000,0,28009594
2655,50000,0,55196254
5853,75000,0,47987932
1030,105000,0,56900280
1133,171000,1,40580315
1769,5000,0,43927912
1213,105000,0,56927968
1040,324000,1,33765080
1756,353000,1,61648980
1992,291000,0,60156645
5903,50000,0,51270390
1233,525000,3,24330182
1148,175000,1,40945041
1926,0,0,44600763
1490,0,0,44652735
1047,0,0,61067575
2520,0,0,36913013
4651,0,0,42946608
2134,271000,0,40353251
0,0,0,0
1137,668000,1,42239060
4878,65000,0,54413112
1724,204000,0,43727485
2754,45000,0,35601680
2640,1802000,10,62629394
4763,495000,2,45804916
2907,72000,0,23283867
5897,0,0,33731612
5890,204000,1,50578254
1523,0,0,62106454
1076,190000,0,57643463
2028,0,0,52599365
4759,103000,0,53310974
4805,885200,2,46324028
5862,180000,0,39097043
1684,311000,1,23391146
1824,157000,0,56947494
2965,257000,2,53183008
1246,108000,0,30498401
1086,0,0,39301047
2557,712000,1,41979748
2816,839000,2,62861195
1099,0,0,47425438
4834,101000,0,56398818
2928,90000,0,56973293
1763,60000,0,42739370
1235,875000,4,49347149
2584,110000,0,41314275
1778,95000,0,37034712
2898,1512000,3,48818013
2249,198000,1,47231040
2134,0,0,26658548
2655,231000,1,43247094
1208,269000,1,40242386
2930,413000,1,28271315
1040,570000,1,39383196
4808,0,0,64210258
1225,70000,0,56749742
1028,0,0,44125535
1837,0,0,47272364
1120,180000,0,57251216
4609,441000,2,53174848
1756,263000,1,40247217
1211,45000,0,58735362
1646,154000,1,44415503
2905,0,0,13733641
1050,0,0,48971573
1116,362000,0,41909914
2133,195000,0,38042259
4775,0,0,52027250
2736,46000,0,43503583
2653,64000,0,58701658
0,0,0,0
2255,136000,0,62917164
1015,1612000,7,57755958
1739,338000,0,54408345
4813,355000,0,56694970
2907,120000,0,61389131
2563,280000,1,47759629
5890,448000,1,63261691
4774,690000,3,38555452
5862,74000,0,64352016
1112,15000,0,43366491
4683,0,0,60536953
4805,423000,1,48956994
2508,110000,0,54227780
1684,85000,0,40755350
2134,243000,1,55466792
1235,896000,5,55404492
2137,514000,0,56254574
1989,0,0,60780216
2749,322400,2,61094639
1475,52000,0,57195962
4647,0,0,27205451
4254,230000,0,59689368
1336,174000,0,58648809
1086,192000,1,42821388
2816,612000,3,58615375
2734,206000,1,62218750
1008,120000,0,59863503
1516,180000,1,50156811
2133,252000,0,36419940
1848,236000,0,53338894
5853,781000,1,58437139
1756,224000,0,36272981
1028,303000,1,47796532
1837,5000,0,39462773
1810,0,0,60436760
2138,165000,0,50037569
1148,264000,1,43308881
1330,616000,4,47294263
4808,26000,0,61484836
0,0,0,24594872
1831,0,0,63924928
1120,588000,2,57100651
1646,108000,0,59355982
2856,90000,0,21233137
1963,90000,0,58924902
4850,0,0,54405795
4775,0,0,43520386
2683,0,0,44720795
1211,0,0,64862344
4884,483200,2,61403838
0,0,0,0
1887,0,0,50637176
1907,75000,0,48222986
2815,10000,0,54219676
2128,45000,0,57065252
2080,105000,0,25650243
4805,627000,3,26886427
2727,448000,1,38728366
2244,214000,1,46796031
2563,631000,2,55058742
1112,0,0,59322193
1753,293000,0,49795037
4866,147000,0,35712474
4774,1889000,7,42024701
1061,105000,0,54848320
2004,60000,0,41828148
2607,0,0,14720916
2137,151000,0,62000205
2965,443000,0,57469696
1763,237000,0,31647402
2749,142000,0,34176428
1172,338000,1,39822111
1086,0,0,42543176
1730,1680000,6,29594797
1475,50000,0,44350240
4820,165000,0,39734474
2557,0,0,14071643
5853,0,0,22334575
2008,450000,1,28448999
2729,26000,0,22249217
2734,801000,2,22049217
1081,344000,1,31152687
1714,481000,2,33172789
2816,475000,0,48331245
2134,182000,0,50054117
1387,19000,0,60453333
4853,105000,0,55819058
2099,362000,1,36821143
2513,0,0,42120293
2809,408000,2,55625883
1030,333400,0,45132567
1756,846000,0,42224017
3041,0,0,42349508
1208,36000,0,49853822
1251,170000,0,58766298
4869,177000,0,53868050
1437,0,0,46729646
2138,60000,0,24876697
1935,0,0,46218406
1810,60000,1,39578753
1985,0,0,58896121
1646,75000,0,35170396
1148,470000,0,62196572
1926,104000,0,27839338
1769,0,0,36742207
2572,0,0,54955894
4775,25000,0,51677162
0,0,0,0
2640,0,0,53227009
5944,96200,0,41882353
4763,395000,2,54882113
5912,528000,2,47460187
1409,318000,1,43299843
4608,426000,2,36734326
1991,598000,2,59600115
1509,246000,2,28059887
5890,195000,0,61214049
1152,304000,0,39619507
1519,0,0,59761658
1989,381000,1,39441325
1099,269000,1,48927491
3039,0,0,60553606
1708,805400,1,52629097
1246,311000,0,44037743
1183,55000,0,51372062
2898,90000,0,62654098
2655,0,0,65243107
2738,413000,0,27947638
1848,433000,0,35605752
1280,166000,1,59807623
1133,348800,1,28630908
5968,0,0,60876038
1756,231000,0,39918089
1450,120000,0,59078192
4632,105000,0,54587002
1028,390000,2,47540278
5932,84000,0,46441515
1257,0,0,46200322
1050,201000,2,27303174
1707,216000,0,60965143
4016,0,0,46763318
4609,378400,1,38656722
5948,110000,0,43949579
0,0,0,0
4878,15000,0,48194694
4763,145200,0,35275370
2028,0,0,44261153
1739,110000,0,61233181
1509,643000,2,48116552
1523,0,0,37314060
5890,0,0,43011151
1409,63000,0,54364728
1076,789000,2,48067259
1112,165000,0,54975787
2244,338000,0,46883695
5862,265000,0,62799690
4774,428000,1,38274111
2889,105000,0,60153875
1672,96000,0,23373972
2050,290000,1,34647183
4820,228000,0,43480431
1246,361000,0,56273590
1730,1659000,5,63737030
1475,32000,0,60926927
2047,147000,0,58142749
2137,62000,0,43330454
2584,895000,2,39851259
2970,268000,1,46556990
2557,944000,2,32918523
1708,380000,2,57850950
1015,841000,4,43618812
2816,329000,1,40421574
2071,0,0,64397609
1081,307000,0,60204970
2749,38000,0,48051533
1099,937000,4,63996085
5853,983000,3,62315611
1778,23000,0,53859476
1086,408000,1,45603925
1251,201000,0,44470563
1213,204000,1,53610220
2134,70000,0,48188500
2549,333000,1,48255539
1120,27000,0,61605925
1225,380000,2,58426926
4843,78000,0,59540757
1028,60000,0,43939618
1066,80000,0,43615286
1330,549000,1,62734981
2509,30000,0,38049798
4808,346000,1,42213573
1148,126000,0,61453866
1299,0,0,26569352
1212,100000,0,60939147
1047,406000,0,53377140
2097,95000,1,58873383
1226,45000,0,60944298
1264,93000,0,43185762
1050,82000,0,52717175
1537,0,0,24755481
1116,437000,1,40066722
2520,0,0,37086174
0,0,0,0
1137,469000,1,55027606
2568,230000,0,44208731
2640,15000,0,14726234
4763,201000,1,55905428
2128,0,0,43101296
2028,15000,0,47611872
2080,240000,1,47385278
4840,65000,0,41611132
4805,167000,0,56615636
4885,232000,1,48559659
4608,382000,1,55883588
2562,460000,2,45677856
2505,315000,1,38885384
4248,282000,2,57417410
1022,462000,2,48896805
2889,38000,0,65256495
0,0,0,14770292
4820,0,0,31833302
1416,185000,1,43896494
1989,474000,2,31151954
1730,220000,0,37614287
2928,182000,1,58372765
2557,1617000,5,37659343
2004,270000,0,59487003
2558,38000,0,64509264
1143,10000,0,25839239
1672,647000,2,35992231
2249,398000,0,52458519
1708,413000,1,57772028
2607,114000,0,43127403
1651,185000,0,62833956
2655,179000,0,61415382
1346,0,0,48475888
1251,0,0,53415682
1884,69000,0,38801813
2930,100000,0,37012676
2513,8400,0,59700762
2584,455600,2,35564058
1040,239000,0,43832805
4817,77200,0,36767851
1232,155000,1,63735900
1769,90000,0,58057267
1066,30000,0,38968226
4651,30000,0,42545731
1413,260000,0,29503696
4258,120000,0,62668992
1233,0,0,26467676
2257,15000,0,39115593
2625,140000,0,63409074
1981,266000,0,58694666
4201,0,0,32640895
1243,770000,3,62644170
2888,220000,0,43514124
1264,0,0,63303895
2092,231000,1,65000123
4850,31000,0,39827370
2771,0,0,48019232
1631,195000,0,51602569
0,0,0,0
1040,84400,0,41383372
1724,204000,1,59854224
1991,243800,1,43096092
5912,210000,0,22532258
1076,528000,2,40544371
2907,222000,0,59828641
1509,315000,1,35190714
1409,1231000,4,58518823
1753,201000,1,56696646
1015,0,0,51402042
1933,120000,0,47094895
1824,210000,0,52751533
2047,100200,0,43069803
5935,45000,0,59481434
1086,0,0,61053305
2749,0,0,43219368
2816,155000,0,26516535
1246,192800,0,62027260
2594,824000,2,60889100
1170,105000,0,49709359
2557,68000,0,42266310
2249,0,0,50162874
1213,90000,0,25359353
2683,0,0,52165895
1149,13600,0,56047376
5932,48000,0,44414194
1028,196000,1,50065130
5997,0,0,43641538
5993,15000,0,52891831
1112,719000,2,66425441
2097,119000,0,44274195
1257,0,0,45750044
1322,96000,0,34848778
4872,0,0,21538750
1050,254200,0,48421632
1537,0,0,58122688
2050,194000,0,47741056
1756,0,0,51517870
2113,0,0,39076528
0,0,0,0
4763,246000,1,49184940
1509,150000,1,62910652
5889,95000,0,41191445
2815,233000,1,60821481
5912,241000,0,63565506
4608,300000,0,52198412
5890,90000,0,43744062
1152,597000,1,36404476
1015,96000,0,63319441
1077,170000,0,54620417
4759,10000,0,27112573
1730,60000,0,57393075
1684,330000,1,46814742
1989,680800,1,31387383
1099,218000,1,57041596
1086,415000,1,59112828
2594,67000,0,48362255
2557,121000,0,58736536
2584,159000,0,29288658
2738,96000,0,53334042
1708,1510200,8,52245796
5976,16000,0,61072354
5989,178000,0,60906701
2809,408000,0,57474634
1213,82000,1,55814229
5969,290000,1,59624081
2655,85000,0,28911186
1040,367200,0,50371945
1081,445000,0,55745598
5997,0,0,58930453
5968,301000,0,43929645
1028,0,0,61856139
2905,75000,0,43095432
1066,336000,0,39932037
1202,165000,0,53619258
5983,60000,0,61895488
1047,116000,0,38606644
2113,0,0,46065051
0,0,0,0
1137,1529000,5,61228132
1724,912000,4,42310455
2640,272000,1,58545928
1782,1595000,6,56788815
4813,871000,2,54484394
5890,150000,0,23190998
4247,172000,0,31341140
1509,522000,2,43527217
2027,108000,0,39371229
4782,285000,0,60450960
1950,226000,1,54889204
1010,520000,3,46319449
1684,75000,0,34458224
2681,208000,0,56901346
1376,30000,0,53377875
5893,502000,1,50619807
2562,0,0,21606916
1003,0,0,52954632
4531,0,0,25098714
2150,45000,0,26592036
2928,180000,0,46043254
0,0,0,27570000
2004,398000,2,60823641
4580,0,0,60860087
2169,0,0,58450220
1149,634000,3,49638239
4657,579000,2,45962080
1651,669000,1,55331130
4233,342000,1,57071532
1884,0,0,42054730
1346,95000,0,48580584
1086,0,0,51816413
4202,56000,0,45232433
1365,0,0,50778344
1208,404000,2,21823842
2249,1309000,6,51962291
1935,93000,0,58042205
1769,423000,0,28782022
2257,148000,0,58983892
1256,5000,0,30631485
1525,0,0,53407529
4579,0,0,48152987
4258,15000,0,21789220
1233,0,0,63705133
1794,0,0,47899099
1231,0,0,57383183
2852,115000,0,66104772
1116,956000,1,30899201
4651,0,0,54596008
1779,0,0,59997319
5903,283000,0,45649068
1050,710000,0,42334319
1264,0,0,47195708
2097,833000,3,44432393
2092,90000,0,24772324
1047,120000,0,54897205
2113,0,0,60579171
0,0,0,0
1509,1570000,6,62313705
2208,263000,1,44672673
1426,0,0,28055177
1409,189000,0,59082416
1753,135000,0,34376602
2563,1244000,3,37983551
1817,75000,1,27249824
1807,244000,0,42704409
2028,0,0,56042428
4245,103000,0,42574005
1152,0,0,13541630
1353,340000,3,59782008
2942,426000,1,43898612
1061,375000,0,48928072
1986,290000,1,53919732
1255,171000,2,50971441
2898,0,0,25838686
2675,41000,0,44888459
1565,105000,0,63986953
3043,1056000,5,60828230
4812,270000,1,61770565
2562,90000,0,48751089
2001,501000,2,30344292
2809,119000,0,41356082
4233,0,0,43387058
1243,170400,0,41972753
1778,413000,2,43621039
2549,74000,0,42200884
1416,129000,0,23454288
1174,219000,0,57817939
2156,186000,0,35755545
2118,276000,1,50910245
4263,167000,1,63807226
1252,330000,1,59179776
2655,15000,0,46738188
1051,365000,0,47056967
1424,86000,0,38076721
1348,75000,0,62136773
1434,1158800,5,55558139
2200,0,0,51886775
1756,30000,0,39467732
4793,412000,2,57878605
1840,0,0,42641812
1285,580000,2,37112034
1794,660000,3,43332992
1330,357000,0,57419144
1939,40000,0,44521593
1592,0,0,33681867
1553,70000,0,44454894
4609,491000,1,50147624
1233,355000,1,57788832
4238,35000,0,28691264
2666,293000,1,40598629
2237,254000,5,43034264
2565,230000,1,48233811
2139,0,0,50246690
1027,0,0,58291364
4842,443000,0,53019228
4882,0,0,59578930
1305,30000,0,42873946
0,0,0,0
2596,106000,0,27222075
4878,134400,0,43112260
1137,1608000,7,48187181
2640,458000,2,34836534
4763,656000,2,40301437
5890,326000,1,43408113
2080,0,0,40926525
4813,125000,0,61665818
4840,93000,0,39177194
1117,444000,1,53256862
4805,105000,0,31805080
1753,224000,0,44726462
4774,0,0,24588452
4885,1222000,4,58573271
1684,283000,0,42637475
1010,605000,2,47008216
2004,1390000,5,54408840
2562,778400,4,55817027
1730,15000,0,48329337
3014,35000,0,43253812
1916,0,0,63555438
4657,95000,0,62908680
2587,195000,0,42263984
1651,225000,0,32709445
1003,0,0,43681284
4580,150000,1,63858509
2749,28000,0,56054308
2929,96000,0,42946470
1989,531000,2,45174037
2725,5000,0,47989014
2965,0,0,66654078
4202,0,0,64849425
1251,452000,2,40286898
5853,0,0,13458254
2655,35000,0,45746817
1149,0,0,13465970
1243,220000,1,55602194
4820,143000,0,61488825
2930,378000,2,53763022
1030,125000,0,35119896
1229,0,0,45941361
1232,153400,0,54782445
1151,90000,0,54969109
1040,140000,0,29327886
4248,620000,2,44855595
4656,126000,0,32367970
2600,590000,2,56840196
1756,212000,0,41807464
4236,110000,0,47024205
1953,0,0,47539428
2980,0,0,49067994
1148,736000,0,65005682
5902,105000,0,61533547
2215,1051000,2,61802247
1116,45000,0,49365726
5896,99000,0,38232489
1050,391000,1,58737761
2520,1000,0,45531293
0,0,0,0
1782,720000,4,63999049
2824,447000,1,47661980
4763,1418400,9,47571635
1793,10000,0,40427604
1509,640000,3,60500300
1690,15000,0,53918753
2027,633000,1,43361329
4683,0,0,32269015
4885,68000,0,58212252
1950,0,0,42217545
2858,0,0,59915477
2562,512000,1,34157284
4837,229000,0,52353927
1763,69000,0,60004672
2889,274000,0,54816802
1001,25000,0,49093029
4820,287000,0,63957693
4248,120000,0,47691564
2150,150000,0,53290662
1684,45000,0,46554052
2749,78000,0,58346392
2898,0,0,26485016
1475,15000,0,54776144
1916,180000,0,52245854
1149,0,0,45277233
2928,161000,1,59463004
2970,227000,0,42375022
1051,150000,1,35210748
1183,0,0,62143939
1099,30000,0,59565212
1003,35000,0,44830051
2852,35000,0,45059113
4855,618000,2,52042407
1582,0,0,50051035
1154,0,0,64966085
4233,462000,1,49401440
2980,75000,0,62861522
1058,0,0,27926097
2930,0,0,26654374
1213,213000,0,35626195
2655,20000,0,61656714
1009,0,0,51840507
1030,740000,2,43114163
1208,962000,4,27153507
1935,0,0,55537409
1148,328000,1,51746293
4692,0,0,58024365
1953,0,0,42179494
4793,36000,0,43921080
1525,290000,2,43388153
5855,834000,2,53967426
1233,500000,3,41663428
4201,84000,0,46692862
1654,0,0,58664914
1047,214000,0,47195623
4850,0,0,65799437
2597,118000,0,41726578
1447,0,0,39374324
1066,62000,0,59999022
0,0,0,0
1739,171000,0,39256058
2568,105000,0,39424818
2235,304000,1,49720253
1015,0,0,57972623
4763,96000,0,48448659
2754,0,0,55504971
2551,196000,0,55314168
2021,98800,0,44721439
1523,375000,1,63202363
2727,623000,3,44161010
4683,35000,0,21224027
4805,349000,1,51311463
2201,0,0,58402080
4885,150000,1,37084707
1933,913000,3,55975760
4774,270000,2,48550881
3014,0,0,47139320
1684,40000,0,62111315
5862,326000,3,51236688
1672,318000,0,63563344
5893,0,0,35300955
2898,0,0,61252739
1022,90000,0,59474918
1730,25000,0,56646517
1099,406000,2,40066752
2681,192000,1,42833471
2970,15000,0,54900212
2169,41000,0,63602521
2173,78000,0,59323388
1183,0,0,58285536
1365,651000,1,59284416
1154,20000,0,44610106
4656,15000,0,55813858
4820,145000,0,28154302
2180,0,0,44543866
2562,1790600,8,58395221
2928,0,0,26791597
5853,90000,0,49819707
1030,358000,1,55261791
2655,30000,0,55925475
1170,525000,1,42804802
1229,0,0,45978935
1040,689000,3,34800776
1225,650000,2,39773334
1571,446000,3,32960323
1258,0,0,39657613
1525,126000,0,50523836
5894,210000,0,39395248
4201,0,0,51065271
1330,371000,1,41048081
1148,1114000,4,61070005
4891,67000,0,40229475
4850,0,0,49311208
1490,108000,0,45067878
2856,0,0,40290999
1629,75000,0,56291109
1049,0,0,42541964
2113,66000,0,38071244
1916,0,0,58512743
1530,0,0,13591265
0,0,0,0
1137,102000,0,58047797
1724,434000,2,40854054
1015,1328000,14,27437709
1509,570000,1,56315630
2128,857000,2,40814635
2640,663000,2,44290569
1708,234000,0,61500979
5889,60000,1,55710356
5851,90000,0,56868480
1406,45000,0,40892988
4840,315000,2,60417034
1152,150000,0,44617528
4245,45000,0,57251413
1077,0,0,38830612
4805,129000,0,50020088
1353,240000,1,59261983
2850,258000,0,21756673
1684,199000,0,55662402
1010,1415000,6,52183508
2137,0,0,25763096
1730,0,0,58618237
1235,163000,1,64243891
5859,196000,0,55936200
1256,0,0,24678206
1174,397000,2,60195062
4233,75000,1,38681800
2729,126000,0,55293771
2809,1431000,6,22486527
1935,0,0,35793950
1243,1056000,12,50599967
1009,45000,0,59596247
2898,722000,4,45272440
2575,0,0,53959807
1837,255000,0,23763545
2138,105000,0,40738236
2049,0,0,58036150
1066,0,0,48137173
2693,152000,0,62126138
1794,0,0,50245906
1966,30000,0,40013812
2704,105000,0,56641552
1592,317400,1,59904650
1207,126000,0,67907747
2237,185000,6,50075094
4877,0,0,59007117
1119,70000,7,28297269
2103,0,0,44899759
1696,405000,2,48507314
2115,76000,0,45470175
2091,212000,1,62033657
2113,15000,0,60589723
1609,0,0,54980174
0,0,0,0
1708,437000,3,58567877
1907,0,0,59244607
4763,90000,0,35617148
1930,90000,2,43363980
1426,0,0,57755373
2214,60000,0,59958099
4562,1750400,6,49422066
2727,838000,3,57126706
4759,318000,1,65570057
1044,0,0,26973829
1373,165000,0,39379572
1982,113000,0,22306091
2030,438000,8,39183206
3044,152000,0,61139613
2095,426000,3,21317026
1989,927000,4,55887889
1113,30000,1,61948879
2557,162000,0,47156104
1001,377000,0,57118646
1749,360000,0,52545805
2749,164000,0,45788555
2011,56000,1,63752394
1143,0,0,53994697
1986,184000,0,63700000
4688,757000,3,61625577
4579,0,0,28158917
1170,103000,0,60359629
2513,324000,2,62753540
1877,120000,0,28296373
1777,150000,0,36513366
2990,648000,2,37931681
1583,115000,0,28897305
4601,15000,0,48795157
2023,199000,1,58789012
2554,0,0,36078545
1066,35000,0,51019002
2231,0,0,13473891
1391,21000,0,52774405
1794,200000,4,31624182
2721,470000,1,47437726
2170,62000,0,58856917
1282,0,0,42393042
1864,0,0,59699328
4686,173000,2,59473710
1662,2175000,10,35655460
1252,261000,1,50295491
1046,0,0,52950738
1116,1450200,6,41877187
2750,45000,1,44104729
4609,140000,1,57467455
1710,10000,0,22940694
2853,148000,2,31668262
2091,98000,0,55725687
2855,327000,1,57734324
1135,447000,0,62366258
2060,0,0,42464455
0,0,0,0
2568,324000,0,42845114
4782,482000,1,60853759
2586,0,0,41775311
2130,10000,0,13451658
1569,250000,1,34607201
1409,486000,1,42438507
2754,0,0,48330682
5890,1351000,7,53056088
1015,744000,3,41640071
1690,344000,0,31500082
4774,0,0,65196810
5862,221600,1,48706200
4683,155000,0,49719861
4885,498000,2,31700905
2889,105000,0,60949800
4248,0,0,59224295
1916,105000,0,48878438
5893,177000,0,39562566
1022,132000,0,34861379
1989,157000,1,55574408
2749,136000,1,42903093
1051,0,0,26978771
1042,551000,1,44520344
1228,0,0,62541111
1385,135000,0,56286012
2004,1286000,5,53949354
1149,409000,1,51041378
2928,108000,0,56314872
1884,213400,0,48336232
2774,84000,0,46401722
1086,163000,1,58657721
1475,258000,1,59555432
1099,0,0,34554310
2898,105000,0,53213757
4855,0,0,47784581
1451,0,0,48465381
1009,0,0,58888998
2011,0,0,56442449
2734,132000,0,45274857
5853,476000,2,61288609
2729,0,0,55284843
1058,204000,1,58102375
1133,0,0,21613378
1778,449000,2,58668842
1040,35000,0,55197958
1810,105000,0,58213880
1935,48000,0,65499675
1330,15000,0,44761174
1618,888000,2,56703406
4692,135000,0,59678546
1148,150000,1,44104894
1571,38000,0,44703748
4880,0,0,24772366
1413,51000,0,44661962
1047,0,0,48732640
2685,140000,1,64284703
1264,0,0,59580058
2597,150000,0,63513400
0,0,0,0
1069,279000,1,57955955
4763,1017000,7,57243049
2128,0,0,58660659
1426,631000,1,41085545
1833,688800,2,48073822
1278,719000,2,64839071
1409,0,0,51763398
2028,79000,0,59776522
4813,84000,0,41022811
4245,59000,0,60449833
4774,15000,0,44509212
2027,780000,2,42839176
4805,115000,0,55533326
1353,28000,0,42961494
4617,881000,3,59132738
1684,475000,2,57799854
1276,105000,0,61068891
1255,226000,1,53189664
1256,70000,0,51315940
1003,525000,2,38620935
2729,308000,4,56838573
1149,404800,1,57132624
1346,0,0,33945309
1174,162000,0,59424102
2802,135000,0,54785841
4233,0,0,59928817
2898,468000,3,43355722
2577,225000,0,61341845
2655,349000,1,28257333
1243,284000,1,55044037
5854,0,0,61747658
1365,30000,0,54873095
1837,315000,0,60115052
3082,0,0,42534005
2513,113000,0,42234557
1352,102000,0,42915967
1028,120000,2,53894935
0,0,0,26871982
4793,1027000,5,28485028
1759,555000,1,45075305
4238,284000,0,57963906
2215,26000,0,59184643
4651,0,0,59646182
1330,75000,0,34514743
2704,207000,0,37557302
1434,0,0,58721194
1707,499000,3,44174580
4695,816000,7,56484003
2207,217000,0,32874191
2115,0,0,37160525
1696,126000,1,60000267
1885,0,0,22065755
1892,55000,0,55162958
1902,30000,0,43403200
1966,0,0,41816421
0,0,0,0
4878,409000,0,40202963
1015,2082000,9,59867425
2128,214000,0,44648097
4247,238000,1,34870281
1409,264000,1,60213849
2754,202000,1,62439422
2632,160000,1,43881320
5862,471000,2,42807459
4774,164000,0,53652857
3014,439000,1,39736383
1061,150000,0,47646383
1730,1179000,5,56520991
2965,0,0,62420229
1475,0,0,46005887
1416,0,0,59879268
1916,26000,0,56936471
1149,35000,0,33348396
2584,396000,2,21833623
4580,87000,0,65015269
2929,0,0,43358383
2557,398000,2,44239390
2558,0,0,35405138
1708,238000,1,39261019
2898,1133000,1,51065724
4655,105000,0,62073676
1183,772000,3,38346505
1099,204000,1,40231009
1346,72000,0,63486355
1154,308000,0,32401188
2970,224000,0,57677251
4233,386000,1,40766599
4202,0,0,50080209
5893,124000,0,47637531
1651,48000,0,60184381
2655,483000,2,46629327
1772,0,0,58903257
5853,30000,0,41913461
1151,125000,0,21605284
3082,0,0,33709491
1662,352000,1,58256623
1797,93000,1,63319243
1225,849000,3,36504829
2654,0,0,46757771
1840,400000,1,27201152
0,0,0,14647670
1066,0,0,58620782
4651,179000,1,43547735
1794,234000,1,54985210
4826,0,0,55162428
2625,0,0,50663736
4891,639000,2,44288321
4201,0,0,44294142
1233,0,0,38159310
4833,292000,0,43016854
1116,381000,2,42015340
1953,0,0,44859057
2113,0,0,44979633
2597,0,0,14770292
2852,46000,0,35347814
0,0,0,0
1724,145000,0,32112054
4763,141000,1,58725561
2640,234000,1,57918270
1509,264000,0,34630849
2907,0,0,60179026
1015,1032000,4,42730186
1152,384000,2,46278827
1753,0,0,21805854
1077,26000,0,42006658
2101,76000,0,65128232
4759,50200,0,54155098
1933,1173000,3,56736144
1684,55000,0,60139123
1730,440000,1,42356760
1989,555200,1,50414787
5976,200000,0,44816350
5935,61000,0,52806290
1149,0,0,61887796
1086,313000,1,46555443
1708,68000,1,40259105
1246,0,0,42585976
1799,0,0,48443251
1213,188000,1,38319441
1170,0,0,60176019
2738,0,0,53455371
1280,0,0,21992872
5993,15000,0,55145578
5969,15000,0,55747315
2655,63000,0,60143681
1778,28000,0,61159134
1066,166000,1,60404216
2905,0,0,27636354
4872,0,0,26324063
1047,0,0,59194522
4609,0,0,38973912
1756,0,0,26494987
2113,112040,0,39467955
